1,-3.831,-4.035,1.203,0.686,-6.831,0.614,3.078,-4.511,-0.286,6.855,-0.757,0.416,6.023,-0.578,0.438
1,-2.365,-3.293,0.605,-0.624,-6.946,1.205,2.995,-4.780,-1.237,4.239,-2.243,-0.407,7.001,-0.231,-1.120
1,-3.222,-3.275,-0.113,-2.087,-7.578,0.180,2.297,-5.373,0.521,5.050,-3.366,0.161,7.598,-1.326,0.229
1,-2.538,-2.078,-0.783,-4.353,-7.949,2.026,1.465,-6.739,-0.599,7.993,-2.693,-0.262,6.396,-2.223,-0.027
1,-2.598,-3.561,0.498,-0.965,-7.545,-0.384,2.834,-4.901,-0.706,4.597,-2.155,0.177,4.963,-1.106,-0.698
1,-1.838,-2.986,-0.247,-0.605,-6.774,0.077,2.500,-4.419,-0.487,7.110,-1.733,-0.226,6.011,-1.446,-0.290
1,0.789,-5.481,-0.135,2.688,-2.306,-0.974,4.329,-1.663,0.752,5.162,-1.086,-0.733,3.357,-0.470,0.127
1,1.103,-6.174,-0.305,3.644,-2.750,-1.719,4.326,-1.415,-0.803,4.630,-1.260,-1.334,3.278,-0.832,-0.486
1,-4.414,-6.499,1.912,-0.537,-6.600,-1.065,5.580,-2.608,-1.346,3.027,-2.103,-0.631,5.056,-2.129,-0.517
1,-2.627,-8.458,0.462,3.265,-4.363,0.221,3.083,-1.529,-0.053,6.243,-2.372,-0.300,3.789,-0.881,0.088
1,-5.473,-8.110,2.652,-1.413,-5.832,0.111,0.796,-2.303,-0.412,4.158,-2.654,0.011,3.705,-1.401,-0.171
1,-0.822,-5.865,1.023,2.081,-3.822,-0.126,2.001,-1.475,0.040,5.780,-2.587,-0.589,3.186,-0.800,-0.184
1,-2.265,-3.384,0.047,-1.880,-7.884,-0.325,2.407,-5.916,0.957,8.744,-1.969,-0.963,7.329,-1.643,-0.863
1,0.653,-6.054,-0.312,2.583,-3.336,-0.676,6.135,-1.902,-1.386,5.046,0.099,0.334,3.675,0.520,-0.524
1,-1.112,-7.473,0.136,3.897,-4.700,-0.565,4.271,-1.856,-1.067,7.602,-0.563,-2.460,3.590,0.691,-0.689
1,0.698,-4.801,0.383,-2.866,-7.515,1.244,2.459,-2.930,-1.019,4.917,-0.280,-0.167,4.675,1.044,-0.378
1,-1.824,-3.664,-0.478,0.009,-5.960,-0.258,3.002,-4.008,-0.784,6.993,-1.379,-1.608,5.949,-1.143,-1.644
1,-3.398,-5.746,2.439,0.485,-7.575,-0.412,4.543,-4.147,-0.920,6.079,-2.464,0.467,5.725,-0.151,-0.758
1,-4.380,-8.724,0.942,0.139,-8.259,-1.122,3.601,-3.500,-0.977,5.360,-1.944,-1.417,5.106,-0.257,-0.761
1,-3.071,-7.427,-0.832,-0.532,-7.382,-0.973,3.296,-3.961,0.574,5.772,-2.843,-0.339,4.376,-0.622,0.678
1,-0.156,-6.828,-0.482,2.318,-3.386,-0.784,6.212,-3.109,0.118,5.144,-0.188,-0.720,3.902,-0.259,0.309
1,-0.347,-7.023,1.123,0.461,-5.306,0.072,2.281,-3.753,1.031,7.835,-2.309,-0.466,3.890,-0.165,-0.023
1,-1.728,-4.550,-0.231,-0.684,-7.591,0.223,3.052,-4.583,-0.688,5.199,-2.708,-1.040,7.760,-1.099,-0.396
1,-2.121,-6.868,0.173,1.604,-5.904,-0.136,7.321,-1.720,-0.721,5.438,-1.581,-0.611,4.581,-0.664,0.315
1,-0.150,-7.634,-0.086,2.318,-4.927,-0.160,4.083,-2.338,-0.260,7.884,-1.907,0.495,4.108,-0.322,0.712
1,-1.137,-4.544,0.279,0.379,-6.709,0.440,3.462,-4.125,-0.571,5.688,-2.340,0.667,6.032,-0.793,0.299
1,0.607,-6.667,-0.762,4.525,-4.125,-0.942,5.961,-2.146,-0.385,5.423,-0.744,-0.946,4.045,-0.458,-0.238
1,-2.767,-5.038,0.842,0.624,-8.056,0.394,4.808,-4.462,-0.187,7.784,-0.217,-0.047,6.518,-0.212,-0.310
1,-2.165,-8.808,1.581,1.345,-5.875,0.026,3.048,-2.880,0.140,6.534,-3.027,-0.653,3.579,-0.506,1.064
1,-2.616,-3.756,-0.212,-1.385,-8.577,1.723,2.261,-5.808,0.240,4.572,-3.162,1.012,5.752,-0.309,0.392
1,-5.693,-8.258,0.478,-0.001,-8.127,0.440,6.644,-3.165,0.209,4.907,-2.700,0.086,5.546,-1.254,0.543
1,-3.095,-4.231,0.370,-0.853,-8.012,0.800,2.171,-5.066,-1.629,7.755,-3.026,1.018,7.009,-2.547,0.906
1,-1.821,-9.848,1.641,3.850,-6.371,2.135,5.866,-2.881,0.579,7.067,-2.022,1.087,4.225,-0.951,0.998
1,-1.827,-8.633,0.597,3.909,-4.926,0.551,8.748,-1.360,-0.862,7.656,-1.132,-0.879,4.097,-0.577,0.565
1,-1.981,-7.398,1.509,1.835,-2.299,0.435,4.626,-0.206,-0.045,4.014,-0.190,-0.054,3.065,0.162,-0.250
1,-2.985,-6.881,2.097,1.606,-3.319,-0.372,7.129,-0.617,-1.293,5.894,-0.497,-1.006,3.026,0.642,0.214
1,-1.245,-7.409,0.123,2.765,-5.727,-0.913,7.675,-1.556,-1.853,6.417,-1.298,-1.743,3.919,-0.228,-0.199
1,1.946,-7.119,-0.754,4.419,-3.804,0.458,6.599,-0.383,0.309,5.401,-0.278,0.566,5.479,-0.649,-0.098
1,1.721,-7.990,0.624,5.056,-4.039,-0.774,5.820,-1.843,-1.199,6.474,-0.951,-0.238,4.609,-0.182,-0.728
1,-0.845,-7.798,-0.146,3.240,-5.503,-1.142,7.752,-0.671,-1.281,6.685,-0.507,-1.021,3.924,-0.005,-0.034
1,-4.436,-7.754,0.342,0.101,-7.833,1.996,2.930,-3.386,-0.602,8.711,-2.713,-1.114,3.500,0.485,0.449
1,3.738,-4.078,-0.737,4.400,-1.596,-0.850,7.146,-1.697,-1.527,3.832,-0.131,-0.619,3.850,-0.185,-0.470
1,3.028,-1.749,-0.321,6.262,-1.746,-0.172,2.955,-0.204,-0.417,3.397,-0.514,-0.337,2.502,-0.215,-0.244
1,0.814,-5.591,-1.933,4.942,-3.018,-2.405,5.934,-1.193,-0.512,3.958,-0.243,-1.126,3.334,-0.055,-1.042
1,3.702,-1.775,-0.069,5.660,-1.600,-0.886,3.163,-0.494,-0.219,3.162,-0.616,-0.152,2.554,-0.335,-0.121
1,8.106,-3.172,-1.434,7.009,-2.657,-1.317,2.329,-0.257,0.552,3.126,-0.719,-0.408,2.713,-0.648,-0.503
1,-0.698,-7.209,0.028,3.343,-5.073,1.382,4.488,-1.959,-0.316,6.094,-1.707,0.263,4.249,-0.696,0.219
1,3.632,-2.580,-0.159,6.572,-1.600,-0.307,4.385,-0.183,-0.065,3.866,-0.256,0.315,3.367,-0.141,-0.167
1,4.379,-3.412,-0.516,7.895,-1.979,-0.276,4.888,0.140,-0.519,4.223,0.049,0.183,3.657,0.183,0.179
1,-0.943,-7.074,1.097,2.452,-4.747,-0.094,8.290,-2.924,0.301,7.041,-2.453,0.144,3.751,-0.529,0.780
1,4.900,-2.243,0.218,6.594,-2.218,1.367,4.035,-0.810,0.691,3.616,-0.753,0.533,3.257,-0.726,0.505
1,1.615,-5.941,0.239,3.706,-2.955,-0.604,7.283,-2.993,-0.474,4.010,-0.545,0.498,4.078,-0.650,-0.142
1,2.727,-3.042,-0.694,3.171,-1.707,1.235,6.434,-1.596,-0.060,3.361,-0.030,0.173,3.165,-0.109,-0.103
1,1.275,-4.103,-0.391,2.282,-1.995,-0.595,3.255,-1.263,-0.256,5.255,-1.436,-0.348,3.084,-0.190,0.087
1,3.567,-2.404,0.226,4.072,-1.377,0.404,6.176,-1.148,-0.291,3.347,-0.169,0.257,3.424,-0.314,-0.188
1,5.743,-1.972,-0.172,4.114,-0.498,-0.287,3.332,-0.244,-0.416,2.875,-0.267,0.135,2.739,-0.191,-0.462
1,2.463,-1.539,0.363,5.854,-1.788,-0.294,3.192,-0.424,0.237,3.085,-0.355,0.003,2.687,-0.312,-0.010
1,5.574,-1.249,-1.088,4.493,-0.518,0.411,3.672,-0.128,-0.530,2.903,0.096,-0.034,2.576,0.019,-0.150
1,4.955,-1.948,0.476,6.054,-0.929,-0.029,3.350,0.472,0.889,3.187,0.222,0.103,2.875,0.208,0.177
1,0.651,-5.456,0.670,3.259,-2.776,-0.251,3.027,-1.290,0.091,7.419,-2.247,-1.062,3.300,-0.188,0.273
1,1.705,-6.293,-0.409,3.809,-3.640,0.205,7.870,-2.273,-0.372,4.794,0.111,0.369,4.279,0.172,0.515
1,1.063,-5.870,0.581,-1.699,-6.910,-0.815,-4.062,-4.052,-2.136,-8.021,-1.676,-2.350,-4.824,0.975,-1.008
1,2.796,-3.002,0.703,4.119,-10.580,0.994,-1.643,-8.338,-0.806,-7.309,-3.780,-1.188,-7.083,0.823,-1.857
1,1.973,-4.217,1.032,1.461,-8.964,1.139,-3.638,-6.244,-1.058,-6.600,0.970,-1.312,-5.600,0.852,-1.281
1,2.245,-3.911,0.229,2.518,-9.816,1.003,-2.758,-6.915,-1.036,-8.057,-1.890,-2.364,-6.056,1.401,-1.077
1,0.534,-7.805,0.647,-0.544,-5.985,-0.801,-6.540,-3.259,-2.239,-6.144,0.651,-1.550,-3.860,1.201,-1.126
1,-0.671,-6.903,-0.211,-3.787,-4.291,-1.709,-8.827,-0.943,-2.020,-4.702,1.674,-1.097,-4.460,1.197,-1.041
1,1.589,-9.054,-0.043,-3.379,-5.628,-0.307,-6.370,-2.185,-0.782,-6.276,0.384,-0.911,-3.878,1.039,-0.682
1,-3.131,-5.073,0.363,-7.516,-2.040,-0.888,-8.211,0.733,-0.205,-6.726,2.078,-1.182,-5.071,1.995,-0.673
1,-4.013,-3.602,-1.130,-5.132,0.409,-0.863,-5.961,1.103,-1.407,-4.039,1.650,-0.537,-3.291,1.646,-0.542
1,3.711,-8.238,0.438,-0.486,-9.483,-0.262,-1.647,-4.266,-0.816,-6.175,-2.236,-0.889,-4.864,0.027,-0.612
1,3.709,-9.757,1.382,-1.312,-8.469,-0.276,-6.259,-2.675,-1.069,-7.274,-0.755,-1.161,-4.633,1.107,-0.585
1,2.427,-3.193,0.479,1.411,-7.754,0.276,-0.248,-6.618,-0.860,-5.829,-3.839,-1.288,-6.848,-0.570,-2.871
1,-1.079,-6.497,0.688,-4.973,-6.089,-1.333,-8.845,-1.913,-1.972,-6.801,1.172,-1.167,-5.222,1.265,-1.345
1,-2.299,-6.082,0.738,2.528,-7.046,0.812,-4.286,-2.865,-0.755,-4.950,0.492,-1.219,-2.384,1.450,-0.429
1,-4.519,-4.335,-1.067,-7.052,-1.912,-0.602,-7.537,0.445,-1.619,-4.635,1.429,-0.713,-4.373,1.066,-0.769
1,-2.456,-6.544,-0.173,-4.094,-3.624,-0.935,-7.825,-1.266,0.113,-5.874,0.555,-0.893,-4.295,0.810,-0.345
1,-0.444,-6.055,-0.044,-4.190,-5.033,-1.101,-6.501,-1.973,-0.991,-7.897,-0.156,-1.691,-4.445,1.277,-0.794
1,2.258,-8.387,0.679,-2.589,-4.021,-0.634,-7.643,-0.948,-1.469,-4.823,1.367,-0.483,-3.786,1.372,-0.839
1,0.073,-5.154,0.694,-2.806,-5.975,-0.634,-5.175,-3.220,-0.885,-8.599,-1.502,-1.781,-4.455,0.946,-0.447
1,-1.169,-7.408,0.037,-2.922,-5.153,-0.756,-6.851,-2.226,-0.992,-6.289,0.174,-1.253,-4.094,0.704,-0.536
1,-6.457,-1.451,-0.278,-4.636,0.311,-0.551,-3.419,0.448,-0.426,-3.355,0.274,-0.231,-3.064,0.341,-0.511
1,1.293,-8.285,0.495,-2.900,-5.894,-0.688,-4.241,-2.075,-0.346,-8.041,-1.287,-1.343,-4.132,0.738,-0.186
1,-3.769,-5.413,-1.049,-6.827,-1.900,-1.917,-4.072,0.638,-0.942,-3.925,0.183,-0.882,-3.030,0.480,-0.561
1,4.629,-8.279,1.794,-1.451,-5.864,0.901,-5.530,-2.379,-0.272,-5.914,-0.096,-1.355,-3.602,0.697,-0.731
1,-2.384,-6.031,-0.203,-4.722,-3.335,-1.126,-8.750,-1.779,-1.257,-4.501,0.876,-0.809,-4.594,0.250,-0.891
1,-1.044,-7.397,-0.491,-2.635,-2.814,-0.599,-7.311,-1.313,-2.115,-3.169,0.581,-0.427,-3.384,0.312,-0.832
1,-1.612,-8.152,0.029,-4.182,-4.280,-1.199,-9.325,-1.983,-1.963,-4.672,1.096,-0.755,-4.473,0.610,-1.075
1,-2.712,-6.075,-0.294,1.719,-8.322,0.421,-1.564,-2.342,-0.642,-7.005,-1.681,-2.080,-2.798,1.423,-0.383
1,-0.041,-7.336,-0.093,-3.320,-4.106,-0.779,-7.684,-1.991,-2.028,-4.106,0.587,-1.061,-4.073,0.233,-1.010
1,2.656,-8.259,0.854,-0.036,-4.434,-0.376,-5.425,-2.098,-0.481,-4.491,0.977,-1.773,-2.909,0.927,-0.716
1,0.548,-6.090,0.314,-2.878,-3.019,-0.844,-7.466,-1.513,-1.624,-3.210,1.146,-0.610,-3.368,0.663,-0.773
1,3.178,-9.651,1.625,-1.335,-8.094,0.196,-8.591,-1.927,-2.584,-7.288,-1.575,-2.180,-3.637,0.364,-0.825
1,2.955,-9.496,0.730,-1.599,-7.278,-0.616,-4.658,-3.886,-1.319,-8.014,-0.722,-0.922,-3.798,1.028,-0.843
1,-4.432,-4.918,-0.539,-6.716,-2.087,-1.263,-9.315,0.078,-2.403,-4.893,1.396,-0.289,-4.370,1.102,-1.258
1,-3.883,-4.427,-0.395,-9.812,-1.289,-2.682,-7.986,-0.978,-2.496,-3.696,1.027,-0.032,-3.719,0.646,-0.222
1,-4.016,-6.820,-1.444,-8.777,-2.464,-2.419,-7.848,1.417,-2.215,-5.242,1.761,-1.396,-4.213,1.845,-1.214
1,-3.037,-2.888,-0.359,-7.324,-0.882,-1.618,-2.930,1.314,-0.123,-3.023,0.732,-0.291,-2.589,0.795,-0.449
1,2.040,-6.780,1.004,0.691,-5.737,-0.256,-4.936,-3.537,-0.735,-6.646,-0.759,-1.184,-3.441,0.864,-0.272
1,-5.076,-2.801,-0.962,-8.960,-0.953,-0.901,-4.497,1.337,-0.456,-4.263,0.903,-0.593,-3.534,0.962,-0.593
1,-3.339,-1.926,-0.798,-8.911,-1.662,-2.172,-3.869,0.842,-1.014,-3.794,0.456,-0.936,-3.381,0.421,-0.819
1,-0.630,-7.195,-0.390,-5.991,-2.913,-2.144,-7.266,0.345,-1.538,-4.301,1.557,-0.960,-3.562,1.397,-0.954
1,-2.304,-3.974,-0.932,-6.780,-1.874,-1.374,-4.727,0.724,-0.886,-3.276,0.768,-0.881,-2.827,0.655,-0.964
1,2.389,-10.117,-0.156,-3.019,-4.453,-0.859,-7.958,-1.214,-0.049,-3.634,1.500,-0.719,-3.699,0.978,-0.197
1,-1.448,-5.790,-1.032,-8.330,-3.264,-1.259,-5.788,0.975,-0.478,-4.625,1.139,-0.895,-3.873,0.992,-0.767
1,-5.815,-2.865,-0.349,-5.921,0.042,-1.204,-3.790,0.738,-0.621,-3.432,0.620,-0.491,-3.124,0.591,-0.756
1,-1.590,-4.621,-0.349,-8.445,-2.462,-1.246,-3.784,0.656,-0.765,-3.704,0.349,-0.657,-3.530,0.310,-0.676
1,-2.523,-6.053,-0.544,-4.460,-3.343,-0.890,-6.591,0.950,-1.008,-5.520,0.803,-0.792,-4.989,0.495,-0.789
1,0.710,-7.737,0.635,-3.770,-5.930,-0.645,-6.506,1.185,-1.402,-5.433,0.991,-1.218,-4.830,0.529,-1.110
1,-7.814,-4.198,-1.082,-2.072,-6.382,-0.540,-4.540,-2.176,-0.739,-6.232,-0.019,-1.702,-3.590,0.834,-0.705
1,-1.620,-7.571,-1.529,-5.706,-3.006,-1.194,-8.182,-0.298,-1.917,-4.268,1.383,-1.167,-4.120,0.936,-1.030
1,-2.836,-3.930,-1.886,-4.744,-2.424,-0.574,-5.565,0.446,-1.266,-4.775,0.381,-1.026,-4.197,0.070,-0.905
1,1.448,-7.428,-0.267,-2.317,-4.498,-0.816,-6.752,-2.598,-1.613,-4.289,0.033,-0.910,-3.423,0.186,-0.706
1,-4.433,-2.154,-1.359,-8.402,-1.694,-1.224,-5.019,0.399,-0.667,-4.179,0.472,-0.796,-3.519,0.462,-0.868
1,-5.425,-1.355,-0.931,-8.189,-0.647,-2.024,-4.722,1.002,-0.604,-4.399,0.879,-1.095,-3.775,0.874,-0.644
1,-1.483,-4.651,-0.001,-4.797,-4.046,-0.878,-6.918,-1.371,-0.478,-8.103,0.716,-0.805,-4.451,1.696,-0.786
1,1.004,-8.868,1.007,-2.933,-5.673,-0.924,-7.723,-2.621,-1.215,-5.803,0.771,-1.036,-3.699,1.079,-0.749
1,-2.634,-5.447,-0.709,-5.779,-2.890,-1.334,-7.635,-0.174,-1.550,-3.981,1.006,-1.303,-3.822,0.705,-0.720
1,-0.315,-7.226,-2.087,-8.948,-1.945,-3.394,-7.717,-1.548,-2.812,-4.136,0.356,-0.881,-3.948,0.279,-0.978
1,3.392,-9.172,0.703,-1.878,-5.596,-1.342,-6.332,-1.320,-2.735,-5.296,2.103,-1.691,-3.383,1.551,-1.106
1,-4.979,-5.914,-3.143,-9.648,-0.540,-3.207,-4.659,2.233,-1.431,-4.767,1.396,-1.310,-3.760,1.446,-1.253
1,-7.365,-1.597,-2.004,-8.282,1.696,-2.306,-4.297,1.992,-0.306,-4.229,1.685,-0.780,-3.845,1.445,-0.751
1,-4.025,-3.851,-0.989,-8.832,-1.773,-1.659,-6.070,1.907,-1.861,-4.358,1.580,-0.946,-3.818,1.520,-1.355
1,3.244,-9.918,0.274,0.085,-8.531,-0.739,-7.998,-1.057,-2.429,-6.823,-0.827,-2.275,-3.793,0.279,-1.108
1,-5.071,-3.998,-1.754,-7.091,-0.634,-1.997,-6.827,1.553,-1.812,-4.187,1.797,-0.573,-4.454,1.389,-1.177
1,1.334,-7.289,0.508,-2.720,-5.908,-0.909,-7.569,-2.833,-2.955,-5.261,1.069,-0.585,-4.195,0.742,-1.259
1,-0.207,-6.699,0.732,-2.275,-4.477,-1.626,-7.732,-2.488,-2.138,-5.291,0.920,-1.483,-4.251,0.542,-1.126
1,-2.773,-6.296,-0.549,-6.128,-2.972,-2.144,-6.239,1.499,-1.386,-5.028,1.173,-1.120,-5.045,0.628,-0.903
1,-4.412,-3.211,-1.355,-6.832,1.380,-1.523,-5.631,1.112,-1.191,-5.042,0.638,-1.038,-4.462,0.727,-1.054
1,-3.776,-1.877,-1.505,-7.832,-0.911,-1.838,-4.952,1.123,-1.584,-4.065,0.779,-0.618,-3.669,0.670,-0.853
1,-5.550,-2.979,-1.567,-6.464,0.178,-2.538,-3.250,1.000,-0.711,-3.549,0.557,-1.263,-2.843,0.744,-0.911
1,-6.527,-1.857,-1.787,-5.861,1.584,-1.228,-4.775,1.272,-1.096,-4.316,0.824,-0.759,-4.369,0.627,-0.768
1,-8.658,-2.510,-1.852,-5.174,1.023,-1.504,-4.223,1.014,-0.834,-3.686,0.932,-0.800,-3.324,0.832,-0.960
1,-4.287,-2.232,-1.198,-6.933,0.915,-1.391,-5.841,0.792,-1.196,-4.399,0.710,-0.708,-4.363,0.512,-0.583
1,1.393,-9.045,-0.523,-1.192,-7.076,-0.136,-7.622,0.084,-1.091,-6.497,0.134,-0.924,-4.713,0.444,-0.836
1,-3.616,-8.229,-0.506,-8.936,-1.899,-2.780,-6.788,1.327,-0.716,-5.067,1.405,-0.499,-4.177,1.479,-0.596
1,-1.492,-7.557,-0.252,-8.868,-4.231,-3.239,-6.612,1.416,-1.811,-5.570,1.207,-1.531,-5.435,0.950,-1.757
1,-4.927,-6.040,-2.118,-7.631,-1.391,-4.325,-5.319,0.796,-2.004,-3.986,0.791,-1.141,-3.704,0.629,-1.439
1,0.836,-7.322,-0.466,-6.633,-2.932,-2.097,-3.397,0.644,-0.954,-3.016,0.572,-0.880,-2.913,0.599,-0.542
1,-5.483,-3.026,-2.674,-6.575,-0.148,-2.247,-3.788,0.988,-1.044,-3.422,0.624,-1.088,-2.967,0.709,-1.077
1,-4.772,-2.413,-0.987,-5.814,-0.962,-1.661,-4.969,0.718,-0.657,-3.423,0.505,-0.762,-3.164,0.576,-0.780
1,-3.866,-4.250,-1.656,-7.260,-1.753,-1.435,-5.440,0.855,-1.023,-4.742,0.753,-0.844,-4.174,0.852,-0.859
1,-6.565,-0.565,-2.103,-3.880,0.305,-0.636,-3.684,0.225,-0.798,-3.318,0.201,-0.752,-3.194,0.079,-0.860
1,-2.695,-5.632,-0.550,-5.203,-2.924,-1.730,-8.159,-0.801,-1.330,-4.563,1.191,-1.572,-3.943,0.744,-0.324
1,-6.846,-2.242,-3.124,-7.678,1.028,-2.538,-5.199,1.402,-1.851,-4.367,1.344,-1.324,-3.586,1.344,-0.990
1,-5.510,-3.682,-1.438,-5.914,-1.542,-1.274,-7.191,0.782,-1.830,-6.040,0.671,-1.584,-4.960,0.785,-1.379
1,-4.306,-3.857,-1.810,-8.056,-1.325,-2.354,-4.734,1.471,-1.460,-4.003,0.762,-1.103,-3.501,0.882,-1.008
1,3.069,-9.160,1.552,-0.371,-8.102,-0.092,-1.848,-3.580,-1.871,-8.358,-2.202,-2.244,-4.105,1.330,-1.697
1,-1.565,-5.664,-0.235,-2.321,-3.058,-1.280,-9.076,-1.627,-1.837,-4.214,1.235,-0.732,-4.194,0.708,-0.998
1,-4.493,-3.530,-0.989,-9.832,-1.157,-0.826,-4.945,1.578,-0.568,-4.739,1.095,-0.555,-3.920,1.103,-0.523
1,-4.541,-2.024,-0.946,-7.315,-0.443,-2.158,-8.933,1.851,-2.397,-4.169,3.045,-0.832,-3.909,2.252,-1.117
1,-9.960,-1.364,-1.859,-4.209,1.597,-0.623,-4.684,0.847,-1.066,-3.691,0.956,-0.409,-3.174,0.857,-1.018
1,-7.702,0.994,-1.733,-4.450,1.720,-0.260,-4.478,1.163,-0.525,-3.620,1.295,-0.548,-3.110,1.020,-0.512
1,-4.937,-2.301,-1.206,-6.275,1.354,-1.520,-5.196,1.111,-1.265,-4.451,0.823,-1.615,-4.692,0.449,-0.971
1,-8.204,-0.432,-0.956,-6.254,1.811,-0.924,-4.611,1.524,-0.293,-4.040,1.406,-0.590,-3.500,1.227,-0.502
1,-7.535,-2.169,-1.065,-7.773,0.517,-1.892,-4.838,1.332,-0.932,-4.266,1.130,-0.746,-3.569,1.137,-0.832
1,-3.804,-3.091,-1.068,-6.564,0.694,-1.040,-5.373,0.541,-0.765,-5.008,0.161,-0.566,-4.277,0.256,-0.643
1,-6.661,0.621,-1.229,-5.479,0.491,-0.949,-5.334,0.251,-0.659,-4.364,0.300,-0.821,-3.931,0.267,-0.441
1,-4.263,-4.562,-0.785,-5.590,-2.293,-1.827,-8.923,-0.769,-1.730,-4.734,1.321,-1.025,-4.348,0.845,-0.875
1,9.098,-13.155,5.169,6.456,-6.192,-0.281,-3.155,-3.804,-0.451,-2.171,-0.779,-0.928,-1.026,0.344,0.130
1,3.867,-10.261,3.409,-1.710,-8.022,-1.076,-4.375,-4.933,-1.562,-8.609,-3.545,-2.415,-4.314,-0.896,-0.720
1,-0.116,-8.875,0.676,-3.154,-5.105,-0.711,-8.940,-5.116,-2.252,-4.206,-1.073,-0.196,-4.051,-1.174,-0.522
1,1.358,-8.371,4.637,-0.788,-6.482,1.584,-2.451,-3.988,-1.027,-9.204,-5.237,-2.179,-4.076,-0.561,0.157
1,-1.779,-5.905,0.081,-4.488,-4.858,-1.125,-7.625,-4.095,-2.499,-5.031,-1.624,0.351,-4.296,-1.445,-0.558
1,2.416,-7.619,1.061,-1.301,-3.750,-0.858,-7.060,-3.577,0.189,-2.192,-0.141,0.462,-2.794,-0.650,0.004
1,-0.606,-8.999,1.014,-4.997,-4.908,-0.223,-8.339,-2.751,-1.804,-3.502,-0.229,-0.967,-3.912,-0.688,-0.368
1,-0.026,-9.216,-0.018,-3.175,-5.042,-1.281,-7.324,-4.464,-0.550,-3.521,-1.177,0.341,-3.654,-1.485,0.183
1,-7.783,-3.600,-2.523,-3.927,-0.904,-0.286,-3.693,-0.834,-0.728,-3.454,-0.874,-0.907,-2.748,-0.361,-0.678
1,-7.717,-3.074,-0.770,-3.546,-0.843,-0.005,-3.614,-0.942,0.305,-3.060,-0.814,-0.363,-2.995,-0.708,0.042
1,-4.052,-1.825,-0.885,-3.419,-1.531,-0.809,-3.038,-1.347,-0.689,-2.735,-1.238,-0.635,-2.873,-1.328,-0.522
1,-8.301,-4.562,-2.157,-4.478,-1.649,-0.623,-4.295,-1.307,-0.578,-3.595,-1.163,-0.578,-3.275,-0.953,-0.316
1,-4.437,-1.594,-0.159,-3.353,-0.706,-0.593,-2.939,-0.773,-0.345,-2.572,-0.529,-0.270,-2.499,-0.666,-0.298
1,-7.725,-3.558,-1.478,-3.974,-1.688,-0.224,-3.532,-1.429,-0.357,-3.357,-1.254,-0.475,-2.817,-1.142,-0.425
1,-3.561,-1.827,-0.045,-3.431,-1.629,0.332,-2.895,-1.480,-0.039,-2.562,-1.202,0.003,-2.571,-1.350,-0.062
1,-2.369,-7.184,-1.302,-7.450,-4.880,-3.352,-6.052,-2.482,-2.604,-4.077,-1.296,-1.782,-3.928,-1.134,-1.265
1,0.698,-8.057,0.140,-8.056,-5.654,-1.321,-6.825,-4.785,-1.292,-3.946,-2.334,-1.228,-3.029,-1.918,-0.680
1,-7.468,-3.990,-3.339,-3.649,-0.968,-0.289,-3.494,-1.170,-0.906,-3.228,-1.042,-0.742,-2.984,-0.994,-1.003
1,-1.813,-4.964,1.189,-3.614,-4.405,-1.028,-6.656,-3.140,-1.592,-3.288,-0.920,-0.656,-3.344,-1.022,-0.335
1,0.377,-4.936,2.303,0.847,-5.693,-0.100,-2.954,-6.239,-1.264,-7.797,-4.792,-1.142,-3.378,-1.433,-0.774
1,-0.309,-5.417,1.197,-7.646,-6.046,-3.025,-6.313,-5.085,-2.708,-2.619,-1.632,-0.354,-2.770,-1.714,-0.542
1,3.757,-4.800,4.759,0.830,-5.456,1.787,-0.473,-4.408,0.347,-7.413,-5.940,-1.851,-3.625,-2.465,-0.408
1,6.176,-8.285,2.177,8.177,-8.684,3.941,5.721,-5.260,-1.020,-1.988,-3.310,-2.564,-2.157,-0.719,-2.235
1,-1.105,-4.647,-0.412,-1.059,-4.972,-3.173,-4.552,-4.035,-5.298,-5.972,-0.896,-4.196,-4.898,-0.977,-2.627
1,-5.096,-6.327,-3.437,-6.221,-2.887,-3.220,-5.179,-2.403,-2.834,-4.734,-2.056,-2.479,-3.913,-1.415,-2.352
1,-0.733,-6.923,-2.072,-4.407,-6.297,-5.716,-7.457,-3.318,-4.194,-4.074,-1.492,-3.116,-4.101,-1.367,-2.428
1,-3.746,-4.607,-3.682,-9.090,-5.261,-2.269,-4.645,-1.863,-1.591,-4.376,-1.678,-1.849,-3.775,-1.316,-1.823
1,-0.730,-7.262,-1.294,-7.272,-4.526,-4.619,-3.756,-0.891,-1.736,-3.432,-0.686,-1.272,-3.184,-0.822,-1.462
1,-2.800,-2.049,-1.487,-5.838,-0.555,-1.631,-6.099,1.086,-1.978,-4.083,1.939,-0.885,-3.672,1.440,-0.976
1,-4.938,-3.905,-1.957,-3.989,0.929,-0.974,-3.323,0.987,-0.590,-2.937,0.804,-0.811,-2.520,0.812,-0.745
1,-0.932,-3.052,-0.630,-1.444,-2.829,-0.491,-5.744,-1.317,-2.315,-3.674,0.948,-1.360,-3.026,1.513,-0.842
1,6.591,-9.343,0.772,0.980,-7.722,-0.913,-4.367,-4.146,-1.554,-6.390,-2.034,-2.498,-4.191,-0.335,-1.634
1,1.539,-5.462,0.197,-5.523,-3.133,-1.098,-3.839,0.476,-1.470,-2.961,0.904,-1.084,-2.371,0.552,-0.689
1,-0.786,-3.257,0.372,-7.477,-2.115,-1.672,-3.107,1.638,-1.228,-2.782,1.130,-0.599,-2.737,0.932,-0.529
1,1.426,-4.888,0.566,2.134,-5.523,1.650,-2.800,-4.111,0.944,-5.911,-0.816,-2.016,-2.794,1.587,-0.913
1,1.870,-5.366,2.136,-0.533,-5.107,0.393,-3.923,-1.900,-0.940,-4.885,0.474,-2.315,-3.009,1.499,-1.101
1,0.770,-5.714,1.999,-2.480,-3.004,0.176,-6.547,-0.896,-2.447,-2.676,1.793,-1.181,-2.937,0.991,-1.439
1,1.565,-7.879,1.892,-7.445,-3.910,-1.169,-3.490,1.707,-0.545,-3.036,1.336,-0.706,-2.598,1.268,-0.460
0,4.531,4.743,-0.993,0.000,0.000,-0.000,-1.361,-2.593,-0.183,-0.366,0.945,-0.071,-0.410,-1.995,-0.013
0,-1.125,-0.286,0.224,-1.032,-0.147,-0.141,-0.406,-0.152,-1.054,-0.823,0.049,-1.780,-1.439,0.044,-0.114
0,-1.583,-0.334,0.397,-1.030,0.087,0.378,-0.922,0.040,0.657,-0.623,-0.099,0.418,-0.652,-0.055,0.193
0,-0.404,-0.083,0.387,-0.273,0.046,0.385,-0.389,0.032,0.372,-0.411,-0.059,0.502,-0.236,0.032,0.243
0,-0.489,-0.048,0.029,-0.135,-0.010,0.251,-0.060,0.042,0.265,-0.410,-0.021,0.095,-0.455,-0.051,0.098
0,-0.446,-0.112,-0.282,-0.108,-0.041,-0.037,-0.163,0.067,-0.035,-0.086,0.047,0.123,-0.133,-0.024,0.343
0,-0.387,0.003,0.043,-0.272,0.027,-0.074,-0.259,-0.043,-0.073,-0.046,0.039,0.156,-0.080,-0.009,0.108
0,0.044,0.035,0.248,-0.229,0.009,0.160,-0.227,-0.024,0.132,-0.217,-0.028,0.135,-0.159,0.009,0.187
0,-0.096,-0.002,0.089,-0.074,-0.008,0.032,-0.058,-0.014,-0.008,-0.036,-0.016,-0.027,-0.004,-0.015,-0.029
0,0.013,-0.027,-0.071,0.031,-0.043,-0.120,0.149,-0.037,-0.062,0.209,-0.028,-0.009,0.184,-0.017,0.015
0,-0.012,0.069,0.254,0.117,0.001,0.054,0.066,0.004,0.041,0.000,0.016,0.061,-0.065,-0.024,-0.094
0,0.076,-0.027,-0.062,0.108,-0.029,-0.056,0.103,-0.024,-0.044,0.028,-0.019,-0.051,-0.134,0.019,0.028
0,0.157,-0.032,-0.050,0.411,-0.042,0.074,-0.212,-0.024,0.042,0.162,0.058,-0.026,0.206,0.020,0.093
0,0.149,0.068,0.029,-0.077,-0.069,-0.356,0.152,0.109,0.133,-0.206,-0.019,-0.014,-0.355,-0.108,-0.224
0,0.091,0.102,-0.087,-0.130,-0.146,-0.479,-0.172,-0.051,-0.109,0.172,-0.000,0.081,-0.656,0.128,0.487
0,-0.089,0.762,1.893,-0.168,-0.534,1.269,0.590,0.317,0.872,0.148,-0.068,0.712,0.624,-0.217,0.566
0,1.194,-0.075,-0.056,1.083,-0.557,-3.003,1.196,-1.052,-4.100,0.000,0.000,-0.000,-0.747,-0.613,0.276
0,-0.638,0.227,-2.347,1.267,0.457,-0.138,0.883,-0.615,1.665,0.845,-2.758,-2.763,1.575,-0.608,-5.095
0,0.240,0.540,0.843,0.711,-1.347,-2.148,0.669,0.601,0.624,1.575,-0.376,1.045,0.058,-2.122,-1.511
0,-0.660,0.106,-3.288,-0.651,0.133,-0.563,-1.034,-0.025,-0.244,0.068,-0.115,-0.251,-0.127,0.086,0.099
0,-0.036,-0.105,0.030,-0.605,-0.024,-0.075,-0.852,-0.208,-0.551,-0.137,-0.068,-0.312,0.568,0.144,0.185
0,0.712,0.120,1.364,-0.724,0.346,-0.151,0.259,-0.242,-0.834,0.346,-0.052,-0.323,0.271,-0.094,0.350
0,0.719,-0.056,-0.022,0.843,-0.065,-0.217,0.213,-0.016,-0.545,-0.455,-0.022,-1.206,-0.790,-0.069,-1.557
0,0.742,-0.145,0.378,0.196,0.533,0.353,-0.739,-0.006,-0.193,-0.832,-0.424,0.220,0.759,0.227,1.122
0,0.373,-0.163,0.386,0.114,-0.107,-0.249,0.369,-0.046,-0.014,0.478,-0.040,-0.184,0.489,0.034,0.058
0,-0.383,0.048,0.056,-0.337,-0.063,0.159,0.056,-0.060,-0.152,-0.286,0.036,-0.127,0.018,-0.039,-0.189
0,-0.251,-0.040,-0.419,0.061,0.033,-0.228,-0.187,0.000,-0.259,-0.127,0.067,-0.094,-0.200,0.014,0.002
0,-0.105,-0.010,-0.105,-0.142,0.011,-0.146,-0.026,-0.016,-0.058,0.011,0.008,0.071,-0.064,0.012,-0.014
0,-0.079,0.004,-0.078,0.110,-0.029,0.053,-0.041,0.003,-0.199,0.013,0.547,0.137,0.176,0.643,0.162
0,-0.069,0.967,0.111,0.251,0.843,0.265,0.144,0.702,0.309,-0.036,0.686,0.243,0.125,0.648,0.300
0,0.020,0.545,0.361,0.001,0.191,0.283,-0.110,-0.141,0.201,-0.203,-0.266,0.085,-0.106,-0.394,0.309
0,-0.008,-0.269,0.152,-0.068,-0.249,0.164,0.040,-0.255,0.291,-0.062,-0.167,0.045,-0.022,-0.112,0.067
0,-0.054,-0.063,0.083,-0.036,-0.058,0.038,0.033,-0.036,0.011,0.078,-0.020,-0.024,-0.147,-0.021,-0.016
0,0.070,0.013,0.032,-0.012,-0.024,-0.006,0.127,-0.008,0.063,-0.126,-0.007,-0.127,0.075,-0.010,0.015
0,0.141,0.017,0.006,-0.041,0.019,-0.039,0.006,0.022,0.113,-0.288,0.008,0.077,0.019,-0.065,0.060
0,-0.185,0.056,-0.084,-0.013,0.035,0.112,0.057,-0.044,-0.058,-0.022,0.011,-0.044,0.051,-0.008,0.091
0,-0.124,0.043,-0.232,0.027,-0.024,-0.001,0.024,-0.017,0.052,-0.158,-0.016,0.039,0.002,0.074,-0.063
0,-0.036,-0.001,-0.022,-0.002,-0.019,0.023,-0.053,0.045,-0.041,-0.019,-0.034,0.061,0.068,0.027,-0.037
0,-0.003,-0.027,-0.030,-0.269,0.243,-0.115,0.187,-0.170,0.352,-0.172,0.034,-0.264,-0.089,-0.032,-0.164
0,0.290,0.036,0.163,-0.290,0.024,-0.197,0.157,0.003,0.151,-0.066,0.003,0.134,-0.226,-0.015,-0.158
0,0.178,0.050,0.141,-0.098,-0.043,-0.032,-0.276,-0.333,-0.202,-0.003,-0.598,0.045,-0.111,-0.496,0.203
0,-0.087,-0.427,-0.022,0.192,-0.456,-0.019,0.265,-0.513,-0.076,-0.108,-0.163,-0.545,-0.491,-0.322,-0.798
0,-0.712,-0.488,-0.007,0.013,-0.824,-0.203,0.012,-0.312,0.182,0.164,-0.294,0.141,-0.201,1.176,0.615
0,-0.099,-0.640,1.866,-1.263,0.371,-0.602,-0.964,0.098,-0.976,-0.021,0.136,-0.321,0.244,0.206,-0.112
0,0.279,0.385,1.040,0.218,0.343,1.292,-0.889,-1.179,-1.702,-0.776,-0.203,-2.241,-0.038,0.863,0.203
0,-0.543,0.038,1.144,0.626,0.557,0.127,0.624,0.188,0.232,1.387,0.049,1.625,1.276,0.301,0.016
0,-0.037,-1.375,-2.694,-1.241,-1.486,-2.530,-0.560,1.302,-0.494,-1.058,1.512,3.422,-4.555,0.318,1.666
0,0.946,0.109,1.493,1.114,-0.062,-0.482,0.845,-5.281,-3.423,-0.579,1.757,-3.216,-1.776,0.893,5.368
0,-3.515,-1.260,0.451,1.047,1.496,0.831,0.868,-3.276,-3.522,-0.660,-1.918,-2.157,-2.675,2.272,2.227
0,-4.493,-0.806,1.306,1.345,0.421,1.600,0.652,-1.414,-1.325,-0.563,-4.685,-2.883,-2.763,-4.825,3.594
0,2.265,0.873,4.671,2.086,-1.870,1.604,0.323,-3.118,-2.654,-0.515,3.824,1.528,-0.795,-0.797,2.057
0,2.253,0.574,3.248,4.160,-1.720,0.789,0.555,-3.323,-2.701,-0.849,2.541,1.316,-1.587,0.105,0.957
0,0.700,0.582,-2.776,2.893,-2.094,-6.279,3.346,-1.203,-4.851,1.637,-0.047,-3.205,1.515,0.673,-0.018
0,0.877,0.232,-2.261,2.011,-1.738,-5.451,2.253,-0.892,-4.049,0.732,0.076,-1.894,1.205,0.372,0.975
0,0.408,0.045,-1.767,2.220,-1.591,-4.786,1.900,-0.660,-3.185,0.572,0.061,-0.943,0.000,0.000,-0.000
0,-1.680,-2.862,-2.619,0.759,3.073,-4.183,-1.087,-3.683,1.970,-1.184,2.700,-1.174,1.784,-0.007,2.982
0,-0.104,-4.160,-0.580,1.219,2.984,-5.177,-0.881,-3.127,2.971,-1.215,2.029,-2.030,2.167,0.099,3.546
0,1.079,-1.132,-2.964,2.421,-1.678,-3.521,1.752,-1.096,-2.594,1.890,-0.103,0.345,0.847,-3.254,-0.395
0,-0.101,-0.587,-4.293,-0.672,-0.125,-2.421,0.000,0.000,-0.000,0.251,-3.666,-0.761,-0.027,0.582,-4.310
0,-1.285,-0.268,2.064,-0.441,-0.584,-1.725,1.247,1.002,3.109,0.736,-4.495,-0.637,0.470,-3.701,0.435
0,0.000,0.000,-0.000,1.610,0.344,2.704,0.416,-3.993,-0.141,1.012,1.716,-4.616,-2.116,-0.812,1.840
0,-0.612,-0.214,-0.976,2.502,0.698,3.428,0.594,-4.381,-0.344,-3.668,1.835,-3.441,-1.064,1.762,-1.275
0,-2.162,0.263,0.408,1.709,-1.654,0.369,0.449,0.322,-2.085,-0.017,-1.655,2.147,2.183,-2.304,-0.070
0,-4.350,0.476,-1.278,1.444,-2.123,0.205,0.677,1.411,0.791,0.173,-1.918,1.992,0.712,0.494,1.944
0,0.913,4.137,-1.621,1.624,-2.477,-3.902,-2.355,-0.932,-1.349,-2.394,-2.390,1.668,-0.469,-4.376,3.128
0,0.727,5.280,1.329,2.231,-3.496,-4.742,-1.823,0.633,-1.443,-2.475,-1.432,0.874,-0.507,-5.214,3.511
0,-0.219,4.701,2.208,1.556,-3.807,-5.416,-0.933,1.965,-1.557,-2.167,-1.355,0.946,-0.565,-5.746,3.404
0,-0.530,5.009,3.088,2.226,-3.359,-5.267,-1.575,1.001,-2.268,-1.893,-0.565,0.113,-0.861,-5.263,3.935
0,-0.968,2.564,2.703,1.610,-2.961,-6.019,-1.086,2.399,-1.312,-1.440,0.186,-0.507,-1.072,-5.776,4.212
0,-1.461,1.344,2.299,1.170,1.348,-5.479,0.054,-2.151,-1.243,-1.655,1.614,-0.916,-2.917,-4.995,3.716
0,0.199,-0.732,2.827,0.665,0.940,-3.975,1.212,-0.498,-1.837,-1.745,1.155,-1.406,-2.766,-3.470,2.265
0,-0.219,-3.686,3.014,0.345,4.945,0.401,2.716,-1.732,-3.513,-2.134,-0.439,-2.714,-2.216,-1.797,1.428
0,-1.021,-5.041,3.676,-0.467,4.769,2.086,2.072,-3.849,-5.469,-1.559,2.041,-0.821,-2.316,-0.727,0.144
0,-1.103,-5.589,3.885,-2.188,3.096,2.971,1.932,-1.947,-5.550,-1.423,0.764,0.074,-2.442,0.347,-0.359
0,-2.687,-5.959,4.006,-1.041,1.064,2.830,0.958,0.543,-4.775,-0.900,-1.250,-0.394,-1.686,1.315,-1.514
0,-3.399,-4.860,3.372,-0.219,-1.220,2.772,1.018,1.750,-3.861,-0.279,-1.321,-0.941,-0.844,1.955,-1.880
0,-3.615,-3.940,2.345,0.002,-2.694,2.704,1.260,2.767,-1.577,1.960,0.043,-2.456,-1.881,-0.082,-2.454
0,-3.115,-3.432,1.801,-0.021,-3.247,3.309,1.303,5.010,0.335,2.780,-1.785,-3.935,-1.919,-0.160,-3.002
0,-2.385,-2.329,1.380,-0.180,-4.408,2.964,0.117,5.461,1.326,2.551,-2.679,-4.570,-1.919,0.351,-2.575
0,-2.326,-1.835,1.011,-0.367,-4.726,3.757,0.232,4.780,2.403,2.104,-3.214,-5.625,-1.634,1.193,-1.903
0,-2.327,-0.879,0.233,-0.269,-5.270,3.600,-1.452,3.542,2.869,1.157,-3.447,-6.727,-0.140,2.537,-1.270
0,-1.176,0.024,-0.373,-1.241,-5.672,4.226,-1.267,2.062,2.074,0.464,0.521,-4.984,-0.198,-1.289,-1.276
0,-1.106,1.633,-2.346,-3.324,-4.489,3.101,0.294,-1.930,2.805,1.926,2.275,-3.539,0.546,-0.887,-2.217
0,-0.585,1.804,-2.329,-3.439,-4.162,2.505,1.121,-2.256,2.719,2.043,2.358,-2.255,1.480,0.122,-3.113
0,-1.445,0.451,-2.772,-3.184,-3.886,2.224,1.026,-2.749,2.970,1.556,4.099,-1.694,2.034,-0.824,-2.920
0,-2.218,-0.280,-3.411,-2.166,-1.831,0.461,-1.477,-3.983,3.266,0.947,3.937,1.676,2.466,-3.085,-5.507
0,-1.759,1.804,-2.703,-1.965,-1.513,0.412,-0.346,-5.053,3.286,0.401,4.830,2.747,2.505,-2.779,-4.746
0,-1.332,0.527,-3.071,-1.944,-1.722,0.598,-0.716,-5.025,3.391,1.096,5.199,2.654,2.421,-3.262,-5.060
0,-1.241,1.040,-3.267,-1.134,-0.857,0.621,0.887,-6.195,3.252,0.852,5.647,2.496,2.762,-3.630,-5.720
0,-1.665,1.342,-3.001,-2.366,-0.983,0.773,-0.982,-5.865,3.308,-1.641,4.240,2.964,1.624,-3.422,-6.138
0,-1.711,1.989,-2.286,-1.671,-0.940,-0.383,-2.017,-5.691,4.224,-0.727,3.636,2.421,1.167,-2.688,-6.127
0,-1.093,1.980,-1.621,-1.421,-0.752,-0.618,-1.572,-5.805,3.445,-1.219,2.858,3.144,2.319,-2.708,-6.801
0,-1.122,2.314,-1.024,-1.467,-0.283,-0.571,-1.452,-5.779,3.320,-1.091,2.178,2.828,1.929,-0.330,-5.897
0,-0.338,-0.195,-1.468,-2.004,0.835,-1.073,-3.328,-5.513,3.332,-0.350,-0.242,2.916,0.888,1.728,-5.327
0,-0.067,-1.607,-0.972,-1.428,1.961,-1.985,-3.789,-5.076,3.129,0.366,-1.150,2.982,1.482,1.836,-3.929
0,0.135,-0.978,-1.969,-1.146,1.692,-2.477,-3.459,-4.045,2.038,0.595,-3.146,2.930,1.204,4.148,-1.522
0,1.731,-2.060,-3.553,-1.792,0.969,-3.225,-2.459,-2.821,1.116,-0.845,-4.492,3.472,0.981,5.202,1.757
0,3.686,-2.786,-5.626,-2.361,0.744,-2.752,-1.717,-0.870,0.102,-1.016,-6.778,4.058,0.001,4.420,3.509
0,2.561,-3.941,-5.751,-0.893,2.524,-2.624,-2.221,-1.393,0.412,-0.740,-5.451,3.457,-0.454,4.159,2.962
0,3.057,-3.146,-5.557,-1.699,1.388,-2.548,-2.150,-0.713,-0.163,-0.612,-5.749,3.663,-0.629,3.458,3.030
0,2.158,-3.283,-5.946,-1.302,1.929,-1.975,-1.667,-0.251,-0.543,-1.342,-5.825,3.515,-0.788,2.736,2.694
0,2.383,-2.021,-6.207,-1.016,1.428,-1.233,-1.944,-0.226,-0.249,-1.341,-6.417,3.580,-1.774,3.031,2.655
0,1.670,-2.750,-6.144,-2.049,1.871,-1.402,-1.354,0.316,-0.675,-1.937,-6.072,3.504,-1.248,2.138,3.327
0,1.263,-2.685,-6.260,-1.359,1.527,-1.733,-1.042,0.064,-0.068,-1.932,-6.138,3.838,-1.328,2.795,2.691
0,1.576,-2.918,-6.239,-1.645,2.219,-1.588,-1.772,-0.298,-0.358,-2.101,-5.548,3.336,-0.981,2.264,3.043
0,1.771,-3.101,-6.665,-0.945,2.454,-1.489,-1.751,0.182,-0.412,-1.597,-6.338,3.039,-1.208,2.907,2.782
0,2.123,-1.804,-6.073,-1.072,0.830,-1.331,-1.918,0.340,-0.444,-1.566,-6.176,3.281,-1.549,2.212,2.499
0,2.004,-1.245,-6.147,-1.685,0.962,-1.417,-1.775,0.573,-0.559,-2.476,-6.298,3.957,-1.315,1.720,2.702
0,1.667,-1.898,-6.800,-0.954,1.784,-0.863,-2.072,0.429,-0.994,-2.779,-6.052,3.256,-0.947,1.769,2.615
0,1.358,0.184,-5.494,-1.594,-0.818,-1.684,-0.903,0.727,-0.638,-1.516,-6.484,3.575,-1.659,2.155,2.743
0,2.253,-2.092,-6.036,-0.978,1.739,-1.541,-1.971,0.729,-1.443,-3.037,-4.547,2.829,-0.398,-0.971,2.391
0,0.934,1.984,-4.735,-0.376,-2.192,-1.170,-0.198,2.096,-1.912,-3.470,-4.478,3.026,0.568,-1.234,2.171
0,1.608,1.576,-3.392,-0.008,-1.196,-1.867,-0.829,1.483,-2.872,-2.528,-3.158,1.501,0.332,-3.449,3.047
0,0.676,5.473,-0.482,1.782,-1.705,-4.030,-1.911,-0.489,-3.260,-1.441,0.403,-0.772,-1.411,-7.183,3.373
0,0.207,2.310,3.881,3.369,-1.301,-5.106,-2.416,0.277,-3.797,-2.197,-3.719,1.228,-0.118,-2.649,3.243
0,1.059,4.667,-0.460,3.192,-1.074,-3.734,-2.284,-0.485,-3.594,-2.394,-2.792,0.931,0.758,-3.471,2.645
0,0.980,4.986,-0.225,2.040,-2.591,-3.972,-0.927,0.490,-2.710,-3.317,-3.262,2.241,1.307,-3.064,2.347
0,1.509,4.946,-1.526,2.424,-1.332,-3.439,-2.255,-0.751,-2.648,-3.232,-2.399,1.405,0.425,-3.910,2.610
0,0.541,5.705,0.696,2.543,-2.662,-3.900,-2.453,-0.535,-3.105,-2.688,-1.845,1.243,-0.530,-4.205,3.167
0,0.105,5.237,1.482,1.418,-2.367,-4.112,-2.249,-0.498,-3.844,-1.754,-0.686,0.726,-3.091,-1.725,3.104
0,-2.336,-0.974,1.611,-1.670,-0.442,-1.356,1.206,-2.622,4.267,-0.327,-0.839,0.195,-0.199,-2.488,3.535
0,-0.200,1.354,-0.359,-3.148,-3.712,-2.143,1.926,-1.356,2.132,-0.013,0.473,0.874,-0.248,-1.227,2.238
0,0.076,1.023,-0.044,-2.636,-2.273,-2.483,1.020,-2.488,1.377,0.174,3.305,2.395,1.875,-2.277,0.170
0,-1.515,0.150,0.679,-1.768,-1.021,-2.515,1.601,-2.820,0.040,-0.709,2.903,3.859,2.239,-2.958,-1.187
0,-0.857,1.586,1.237,-1.630,-1.214,-2.752,-3.665,-6.261,5.897,-0.609,3.019,0.939,-1.619,0.240,-2.161
0,-0.155,-3.978,2.723,0.268,-2.629,-0.072,2.751,2.138,-7.836,-0.787,-0.460,-3.175,-0.926,1.830,-2.173
0,-1.497,-4.432,2.870,0.134,2.870,2.243,2.789,-1.810,-6.980,-1.705,2.568,-2.605,-1.471,0.658,-1.723
0,-2.416,-4.642,3.295,-0.622,2.305,2.401,1.622,-1.069,-5.690,-1.592,1.562,-3.187,-0.705,0.857,-1.388
0,-1.010,-5.171,3.048,0.369,2.913,2.935,2.344,-2.241,-7.082,-0.811,2.499,-2.385,-0.788,0.483,-1.157
0,-0.354,-5.680,4.179,-0.970,3.137,2.207,2.161,-0.687,-6.631,-0.488,0.538,-1.692,-1.155,0.819,-1.191
0,-0.469,-5.936,3.381,-0.755,2.758,3.014,2.783,-3.217,-6.397,-1.161,2.832,-1.576,-1.167,0.457,-1.087
0,-0.880,-6.299,3.677,-0.986,3.305,2.862,2.090,-2.111,-6.322,-1.584,1.633,-1.926,-1.516,-0.067,-0.441
0,-0.756,-5.748,3.359,-1.261,3.987,2.560,1.470,-3.476,-6.607,-0.830,2.439,-1.660,-1.309,-0.005,-0.592
0,-1.189,-5.951,3.535,-1.751,3.153,2.860,1.266,-3.082,-5.787,-1.386,1.967,-1.550,-1.488,0.452,-0.745
0,-1.520,-5.969,3.594,-1.549,2.488,2.795,2.013,-1.832,-6.496,-0.907,1.362,-0.500,-2.085,0.149,-0.955
0,-2.426,-6.049,3.572,-1.348,1.594,3.237,1.782,1.235,-5.694,-0.545,-1.787,-1.535,-1.310,1.674,-1.845
0,-2.764,-5.151,3.544,-0.689,-0.345,2.800,1.204,1.031,-5.023,-0.519,-0.335,-1.742,-1.264,1.585,-1.481
0,-3.169,-5.518,3.136,-0.208,0.757,3.015,1.864,1.013,-5.502,-1.077,-1.484,-1.544,-0.922,1.175,-1.036
0,-2.352,-6.063,3.776,-0.469,1.738,2.596,1.493,0.568,-5.450,-0.541,-1.137,-1.630,-1.614,1.473,-1.676
0,-3.039,-4.677,2.946,0.219,-0.683,2.370,1.616,1.526,-5.229,-0.061,-1.161,-0.949,-2.073,1.269,-1.159
0,-3.147,-4.994,2.659,-0.231,-0.372,2.639,1.471,1.550,-5.026,-0.692,-1.455,-1.225,-1.011,1.898,-1.584
0,-2.993,-5.167,3.272,0.263,0.027,2.678,1.989,1.626,-5.448,-0.853,-2.021,-1.119,-0.633,1.816,-1.038
0,-3.156,-6.102,3.594,-0.592,0.871,3.304,2.339,1.820,-5.156,0.054,-2.183,-1.258,-0.871,2.493,-2.173
0,-3.805,-5.172,2.714,0.638,-1.277,2.638,1.801,2.201,-4.188,-0.070,-1.779,-1.676,-0.369,2.208,-2.077
0,-2.964,-4.636,3.037,0.204,-0.733,2.391,2.226,1.060,-3.664,0.265,-0.763,-2.146,-0.161,2.270,-2.963
0,-3.448,-4.493,2.859,0.805,-1.754,2.592,2.209,1.657,-4.093,0.515,-0.411,-1.743,-1.310,1.775,-2.582
0,-2.777,-4.186,2.354,0.340,-1.745,2.866,2.399,2.084,-4.166,0.283,-1.369,-1.809,-0.317,2.167,-1.875
0,-3.267,-4.740,2.566,1.123,-1.446,2.836,2.302,1.772,-3.287,0.624,-0.827,-2.677,-0.378,1.877,-2.639
0,-3.167,-3.608,1.793,0.433,-3.056,3.077,1.713,3.407,-1.884,1.829,-1.721,-2.564,-1.169,1.396,-3.449
0,-2.072,-3.493,1.207,-0.406,-3.064,3.580,1.235,4.838,-0.356,2.514,-1.112,-3.592,-1.429,-0.576,-3.369
0,-1.771,-2.338,0.946,-0.334,-4.517,3.741,1.177,5.328,2.037,3.538,-2.319,-4.443,-1.200,0.057,-3.776
0,-1.676,-1.868,0.706,-0.454,-4.765,3.855,1.214,4.539,2.464,3.230,-3.678,-6.022,-1.253,2.177,-2.394
0,-1.361,-0.773,0.209,-0.139,-6.082,3.763,0.012,4.186,3.052,2.818,-3.611,-6.495,-1.276,2.232,-2.102
0,-1.362,-0.091,-0.313,-0.726,-6.249,3.636,-0.858,3.520,3.269,2.196,-3.969,-6.238,-1.090,2.640,-1.859
0,-1.460,-0.167,-0.397,-0.466,-5.997,4.045,-1.467,2.480,3.348,2.531,-2.964,-6.556,-1.277,2.258,-1.359
0,-1.192,0.272,-0.803,-1.738,-6.382,4.082,-1.087,2.264,2.761,2.610,-0.991,-5.785,-1.415,0.613,-1.759
0,-1.398,0.552,-0.608,-2.044,-6.275,3.838,-1.022,1.334,3.094,1.817,-0.411,-5.689,-0.768,0.225,-1.696
0,-1.844,1.190,-1.146,-3.070,-5.298,3.173,-3.222,-4.567,1.834,-2.045,-3.807,-0.200,-2.668,-3.857,-3.284
0,-2.109,-3.460,-1.895,-2.436,-4.488,3.457,-2.466,-3.682,1.856,-2.748,-3.334,-3.288,-1.924,-2.937,-0.861
0,-0.786,-0.233,1.855,-1.381,-0.935,1.613,-1.241,-6.626,4.348,-1.516,1.870,2.465,1.477,-2.298,-5.208
0,-1.371,1.493,-0.777,-1.618,-0.090,-0.143,-1.839,-6.282,3.854,-1.084,1.647,2.436,1.204,-1.758,-5.669
0,-1.236,1.231,-0.879,-2.145,0.208,-0.377,-2.097,-6.023,3.962,-1.634,0.872,2.744,0.618,-2.549,-5.489
0,-1.933,1.877,-0.899,-1.949,0.767,-0.799,-3.669,-5.325,3.429,-1.384,-0.108,2.108,0.853,0.617,-4.667
0,-1.245,-1.442,-0.480,-2.088,1.365,-1.191,-3.945,-4.488,2.946,-0.363,-1.664,2.298,1.784,1.740,-2.620
0,-0.574,-1.492,-2.334,-1.037,1.377,-2.066,-3.511,-3.448,1.876,-0.117,-3.513,2.998,0.950,4.701,-0.256
0,2.009,-2.024,-3.671,-2.389,-0.216,-3.210,-2.034,0.338,-0.050,-2.107,-8.333,3.567,0.524,4.585,3.293
0,3.704,-2.003,-4.895,-2.229,0.062,-2.416,-4.276,-3.565,2.629,1.033,-2.672,2.465,2.090,1.834,-2.548
0,-0.031,-1.069,-2.720,-0.014,2.387,-1.417,-2.794,-4.852,3.459,1.015,-0.288,1.983,2.120,0.683,-4.000
0,0.309,-0.981,-2.064,-0.160,1.951,-2.584,-1.913,-3.412,2.434,0.511,-2.096,1.668,1.528,2.826,-2.505
0,0.848,-1.524,-2.581,0.156,1.675,-2.229,-2.515,-3.763,2.988,1.044,-2.197,1.712,1.505,2.984,-2.183
0,0.887,-2.318,-2.520,0.038,2.199,-3.017,-3.087,-4.528,3.718,0.592,-3.714,4.340,2.169,3.644,-1.996
0,2.960,-2.184,-3.569,-0.491,2.578,-3.607,-1.955,-3.774,2.861,1.076,-3.425,3.769,2.655,2.986,-2.422
0,1.193,-1.496,-2.706,0.261,1.637,-2.972,-2.633,-4.177,3.652,1.838,-2.182,2.794,2.997,2.352,-2.966
0,0.828,-1.631,-2.245,0.368,2.066,-2.981,-2.519,-4.117,2.757,1.648,-2.767,2.864,3.096,2.975,-3.067
0,1.301,-2.145,-2.096,-0.448,1.790,-2.288,-2.163,-3.836,3.104,1.197,-2.317,2.088,2.431,2.055,-2.648
0,0.963,-1.165,-2.593,0.015,1.668,-2.985,-1.806,-3.983,2.571,0.531,-2.287,2.289,2.665,4.230,-1.432
0,0.988,-2.731,-3.274,0.284,1.358,-3.475,-1.513,-2.655,2.006,1.384,-3.784,2.407,2.232,3.548,-1.440
0,2.255,-1.690,-3.104,-0.729,0.846,-2.175,-3.414,-3.703,2.424,1.332,-2.634,2.312,2.263,3.253,-2.123
0,1.275,-2.323,-2.210,0.103,2.114,-2.893,-3.196,-3.650,2.239,1.797,-2.858,2.436,2.427,3.404,-1.702
0,2.268,3.249,-4.942,1.598,2.982,-5.261,1.902,2.265,0.180,1.832,2.456,-0.621,2.012,2.547,-1.343
0,2.013,2.612,-4.292,1.259,2.380,-4.701,1.741,1.596,0.123,1.315,1.676,-0.281,1.477,1.820,-0.842
0,1.905,2.150,-3.360,1.089,1.960,-4.183,2.062,1.131,-6.718,-0.745,1.835,1.954,-1.292,1.104,1.212
0,-2.661,-4.732,3.977,0.284,-0.452,3.141,1.822,1.535,-3.743,-0.122,-1.091,-0.128,-0.490,2.015,-0.679
0,-2.887,-4.418,3.709,0.398,-0.616,2.677,2.393,1.454,-3.934,-0.593,-1.333,-0.777,-0.102,2.369,-1.355
0,-2.790,-3.995,3.062,0.730,-1.703,3.010,2.330,2.148,-2.824,0.781,-1.635,-1.401,-0.093,2.415,-2.241
0,-3.460,-3.859,2.983,0.660,-2.350,2.680,1.482,2.502,-1.743,1.288,-1.009,-2.248,-0.268,1.645,-3.085
0,-2.903,-3.361,2.272,0.812,-2.616,3.029,1.008,4.544,-1.336,1.656,-2.898,-2.346,-0.238,1.872,-2.635
0,-3.074,-3.566,2.434,1.099,-2.492,2.596,2.250,2.418,-2.137,0.522,-1.596,-2.069,0.398,2.605,-2.166
0,-3.166,-4.019,3.163,1.725,-2.127,2.605,2.959,2.100,-2.634,1.131,-1.372,-2.283,0.382,2.342,-2.525
0,-3.190,-4.034,2.953,1.379,-2.264,2.639,2.642,2.558,-2.849,1.313,-1.206,-2.136,-0.625,2.028,-2.630
0,-2.939,-3.514,2.330,0.410,-2.661,2.752,2.675,2.804,-2.213,0.852,-1.724,-2.374,-0.062,2.107,-2.516
0,-2.883,-3.507,2.514,0.688,-2.287,2.498,3.094,2.451,-2.376,0.825,-1.185,-2.692,0.265,1.915,-2.099
0,-3.599,-4.294,2.980,1.258,-1.339,2.214,2.629,2.120,-3.696,0.314,-1.751,-1.368,0.342,2.341,-1.782
0,-2.738,-4.900,3.464,1.460,-0.590,2.964,3.274,1.796,-4.350,0.637,-2.136,-1.356,0.348,2.511,-1.953
0,-2.352,-4.379,3.027,1.575,-0.961,2.814,3.362,1.342,-4.072,0.283,-1.394,-1.917,-0.433,2.322,-1.371
0,-2.210,-4.571,2.994,0.648,-0.620,2.978,3.106,1.634,-4.967,-0.034,-1.645,-1.187,-0.271,1.998,-1.263
0,-1.941,-5.210,3.449,0.435,0.085,3.508,2.847,0.410,-5.584,0.372,-0.741,-0.823,-0.283,1.547,-1.700
0,-1.864,-5.312,3.777,1.122,0.985,2.593,2.751,0.684,-5.888,0.113,-0.838,-1.628,-1.946,1.267,-1.348
0,-2.255,-5.159,3.494,0.133,0.887,2.970,2.153,0.630,-5.366,-1.088,-1.002,-2.013,-1.123,1.342,-0.694
0,-1.747,-6.001,3.390,-0.865,2.110,3.030,2.639,-2.245,-6.558,-1.015,1.653,-0.800,-1.518,0.471,-0.946
0,-1.647,-6.235,3.561,-0.838,2.850,3.538,2.960,-2.028,-6.298,-1.115,1.116,-1.626,-1.037,0.637,-0.971
0,-0.935,-6.193,3.598,-1.128,2.325,3.609,2.325,-0.991,-6.092,-0.812,0.125,-1.706,-1.359,1.120,-0.875
0,-1.738,-6.025,3.813,-1.389,2.263,2.563,2.179,-1.385,-6.212,-1.240,0.478,-1.887,-0.684,1.192,-0.761
0,-1.431,-6.566,4.374,-1.302,2.219,1.938,1.128,0.325,-6.142,-1.263,-1.030,-1.037,-2.747,0.880,-0.933
0,-2.016,-5.476,4.249,-0.854,0.884,2.573,0.547,1.476,-5.661,-0.444,-2.863,-1.285,-1.082,2.383,-1.978
0,-3.689,-4.491,3.239,0.566,-1.519,2.325,0.314,1.687,-3.247,-0.184,-0.989,-2.790,-0.659,1.597,-2.572
0,-3.167,-3.175,1.758,0.613,-3.608,3.024,1.273,4.417,-0.721,1.825,-0.806,-4.446,-2.258,-0.417,-2.981
0,-1.986,-2.046,0.907,-0.553,-5.039,3.755,0.408,6.154,1.755,2.621,-2.803,-4.697,-1.618,-0.455,-3.408
0,-2.222,-0.474,0.046,0.127,-5.280,3.466,-0.780,4.503,2.671,2.062,-3.991,-6.696,0.891,2.294,-1.258
0,-1.593,0.303,-1.231,-0.898,-6.059,4.140,-0.842,2.132,2.484,1.845,0.519,-5.596,-0.211,-1.714,-0.819
0,-1.200,1.410,-2.507,-2.948,-3.396,2.951,0.921,-2.914,2.283,1.272,4.922,-0.746,2.455,-1.690,-4.462
0,-1.919,-0.388,-3.520,-1.328,-1.538,1.261,-0.296,-5.476,3.884,0.381,5.615,2.306,3.195,-2.824,-5.900
0,-2.547,0.114,-2.814,-2.106,-1.560,0.537,-1.883,-5.359,4.206,-1.341,4.852,2.521,0.996,-4.061,-5.866
0,-0.806,2.042,-1.853,-1.801,-1.074,-0.000,-2.057,-5.766,4.247,-0.469,3.854,2.206,1.457,-3.011,-5.806
0,-0.467,1.628,-1.352,-0.480,0.445,-0.776,-3.041,-6.818,4.182,-0.743,2.196,4.008,2.482,-2.853,-7.516
0,-0.747,1.605,0.421,-1.207,-1.129,-0.412,0.573,-8.556,6.231,1.406,5.129,3.367,4.581,-1.804,-5.099
0,-1.732,0.243,-1.310,-3.570,-4.759,3.599,2.222,-2.644,4.154,2.937,3.179,-2.887,1.157,-2.544,-2.844
0,0.573,2.487,-0.948,-2.213,-6.168,4.069,0.735,0.838,3.910,3.337,0.446,-5.947,-0.047,-1.116,-1.151
0,-0.498,1.304,-1.057,-1.575,-6.493,4.377,-0.123,2.240,3.030,3.152,-0.224,-5.948,-1.043,-0.811,-1.708
0,-1.079,0.782,-0.487,-1.472,-7.021,3.792,-1.684,3.661,3.507,2.871,-3.635,-6.702,-1.493,2.158,-1.686
0,-1.348,-0.174,-0.505,-1.800,-6.458,4.087,-1.198,4.193,3.118,1.534,-4.525,-6.616,-0.486,2.931,-2.815
0,-2.423,-1.599,1.011,-0.366,-5.642,2.752,-0.471,5.465,2.096,2.002,-2.482,-4.989,-1.709,-0.202,-2.851
0,-2.781,-2.642,0.921,-0.600,-4.546,4.164,1.870,5.577,0.389,2.386,-2.699,-4.890,-1.603,-0.013,-2.641
0,-3.119,-2.962,1.944,0.792,-3.864,2.997,1.493,4.357,-0.818,0.753,-1.681,-3.773,-0.184,0.420,-2.164
0,-3.685,-3.589,2.734,2.213,-2.739,2.607,1.483,2.791,-3.808,0.256,-2.451,-2.342,0.799,2.937,-1.163
0,-0.924,-5.506,3.739,0.214,1.838,2.982,2.257,-2.397,-6.105,-1.347,1.775,-2.172,-1.186,0.413,0.258
0,-2.616,-9.184,4.901,-2.377,3.730,5.459,5.940,0.158,-6.779,-1.595,-1.293,-4.945,-1.210,1.546,-1.422
0,-3.545,-5.879,3.765,0.481,0.303,3.930,2.681,-1.902,-6.929,-0.915,1.445,-2.728,-1.721,-2.147,0.252
0,-0.003,-5.166,3.299,0.550,5.291,0.692,2.798,-2.144,-5.585,-2.726,-0.371,-2.282,-3.562,-3.577,1.673
0,0.945,-2.742,2.826,1.803,2.241,-3.248,-0.321,-1.472,-3.269,-0.537,1.895,-1.848,-3.534,-5.228,3.047
0,0.867,-0.405,2.480,1.420,1.615,-5.538,-0.413,-2.352,-2.085,0.091,2.262,-1.538,-1.972,-5.586,3.672
0,-0.043,1.341,2.226,0.645,1.246,-6.376,-0.816,-2.644,-1.654,-0.188,1.371,-1.445,-2.244,-6.132,4.045
0,-0.427,2.816,2.658,1.430,-1.226,-7.218,-0.689,0.135,-1.303,-1.221,-0.686,-0.555,-1.106,-6.641,4.075
0,-0.366,4.493,2.278,1.020,-3.316,-6.051,-1.194,1.977,-3.119,-2.485,-1.958,0.114,-0.891,-5.014,3.424
0,-0.061,4.990,2.104,2.190,-3.330,-6.334,-2.169,1.046,-3.084,-2.743,-2.581,0.720,0.016,-4.486,3.671
0,-0.222,5.630,0.380,2.545,-2.131,-4.790,-2.838,-0.758,-3.218,-2.792,-3.232,1.004,-0.461,-3.219,3.133
0,0.397,4.409,-0.870,1.348,-2.073,-4.096,-1.908,0.268,-2.694,-2.935,-3.960,1.517,0.810,-2.176,3.087
0,1.269,3.434,-2.537,1.286,-1.346,-3.788,-0.793,0.944,-1.246,-3.342,-4.549,2.701,0.858,-1.377,2.653
0,1.851,1.465,-4.207,-0.695,-1.252,-2.373,0.481,2.396,-1.985,-3.136,-5.071,3.197,1.012,-0.358,2.592
0,1.604,1.339,-5.296,0.036,-1.538,-1.832,0.422,2.379,-1.519,-2.831,-5.215,2.771,0.446,-0.265,2.907
0,1.605,0.842,-5.886,-0.936,-0.653,-1.332,-0.719,1.338,-1.526,-1.937,-6.263,3.883,-0.397,2.271,2.831
0,1.921,-0.831,-6.326,-1.424,0.181,-1.924,-0.435,0.555,1.087,-1.739,-0.649,4.679,-1.259,0.075,2.786
0,-0.360,0.385,-0.008,-1.799,-0.218,-2.170,-0.656,0.308,1.051,-1.572,-0.523,3.968,-1.084,0.022,2.252
0,-0.572,0.121,-0.742,-2.006,-0.571,-2.513,-0.552,0.133,1.214,-1.101,-0.407,3.421,-0.299,-0.035,2.128
0,-0.266,-0.089,-1.259,-1.630,-0.720,-2.754,-0.333,-0.014,1.571,-1.098,-0.405,3.048,-0.211,-0.114,1.988
0,-0.168,-0.218,-1.400,-1.166,-1.255,5.938,-1.165,-0.885,2.964,0.135,-2.712,-3.114,0.079,0.154,1.601
0,-1.825,-0.064,-1.669,-0.458,-6.308,3.869,-1.190,2.627,3.092,-0.159,2.657,-1.525,-0.467,0.905,-3.016
0,-1.777,-2.051,-1.408,-0.744,-5.573,2.520,-0.341,3.613,1.078,1.875,-4.341,-6.999,-0.891,1.349,-3.243
0,-2.295,-2.504,-0.358,-0.879,-5.528,2.903,0.545,4.966,1.321,3.246,-3.226,-5.834,-2.691,-0.916,-3.354
0,-2.580,-3.669,0.535,0.624,-3.535,2.975,1.005,3.872,-1.920,1.073,-2.972,-4.067,-0.528,1.103,-1.896
0,-3.194,-5.236,2.291,1.235,-0.750,2.958,2.394,0.433,-6.109,-0.574,-1.783,-1.195,-0.706,1.117,-1.668
0,-2.002,-6.505,3.707,0.164,2.572,2.928,1.474,-3.508,-6.998,-0.728,2.224,-1.929,-1.724,-1.605,-0.201
0,-0.614,-5.908,3.435,0.093,4.889,2.166,1.923,-3.011,-5.991,-1.458,0.393,-3.312,-2.739,-2.628,0.665
0,0.520,-4.333,3.172,0.329,5.866,0.110,2.967,-2.275,-5.313,-2.380,-0.752,-2.680,-3.535,-3.750,1.706
0,0.354,-2.660,2.339,1.217,2.483,-2.733,-0.587,-0.642,-3.287,0.567,1.243,-1.781,-3.224,-5.000,2.932
0,1.579,0.069,2.241,0.905,0.591,-5.901,-0.048,-0.968,-1.241,-0.671,1.385,-1.891,-2.216,-4.460,2.978
0,1.105,-0.223,1.410,0.422,1.462,-5.178,-0.033,-2.025,-1.920,-0.200,2.117,-1.941,-3.412,-4.615,2.791
0,0.490,-1.087,1.856,0.146,1.564,-4.323,-0.568,-1.377,-1.903,-0.094,2.249,-1.721,-3.315,-4.321,2.516
0,-0.008,-1.379,2.291,1.257,1.682,-4.889,-0.819,-1.664,-1.442,0.122,2.243,-1.135,-2.024,-5.683,3.952
0,-0.269,1.354,2.506,1.288,-0.296,-5.695,-1.146,-0.508,-0.953,-0.809,1.428,-1.907,-3.135,-4.576,3.175
0,0.199,-0.398,2.514,2.267,1.392,-4.779,-0.186,-1.862,-1.283,-0.408,2.356,-2.617,-3.388,-4.274,2.536
0,0.772,-1.644,2.112,0.842,1.480,-3.165,1.073,0.055,-2.808,-1.721,1.225,-1.868,-3.207,-3.714,2.319
0,0.663,-1.897,2.106,0.764,2.121,-3.096,0.828,-1.714,-1.377,-1.397,2.001,-1.998,-2.885,-2.723,1.754
0,1.316,-2.474,1.688,1.239,5.059,-0.891,2.023,-1.586,-4.299,-3.006,-0.800,-2.687,-2.166,-3.346,1.571
0,-0.011,-2.824,3.937,1.312,4.814,-0.500,3.314,-0.941,-4.270,-1.625,-0.721,-2.561,-2.580,-3.642,1.947
0,0.856,-2.857,3.569,1.344,3.752,-1.549,2.971,-0.095,-3.670,-1.997,-0.271,-2.296,-2.751,-3.708,1.881
0,0.966,-2.512,3.289,1.519,3.623,-2.041,0.525,-2.058,-3.319,0.548,2.028,-2.001,-2.654,-4.565,2.813
0,0.970,-0.826,3.151,2.486,1.044,-4.092,-0.129,-1.158,-2.105,0.478,2.320,-2.521,-2.899,-4.662,2.792
0,0.897,-1.362,3.050,1.473,2.313,-2.846,0.742,-1.142,-3.380,-0.074,2.117,-2.350,-2.440,-4.662,2.826
0,1.128,-1.517,3.184,1.790,1.398,-3.505,1.903,0.873,-3.514,-0.512,1.032,-2.073,-2.174,-4.346,2.508
0,0.864,-1.731,3.062,1.157,2.248,-4.374,0.219,-2.333,-1.947,0.602,3.003,-2.069,-2.145,-4.739,3.420
0,0.862,-0.213,2.689,1.995,1.475,-6.172,-0.711,-1.830,-1.236,0.417,1.702,-1.184,-0.163,-6.717,4.655
0,-0.648,3.313,2.720,1.950,-3.270,-7.032,0.300,2.846,-2.002,-1.677,-1.416,0.105,-0.228,-5.725,3.991
0,-0.528,5.194,2.406,2.185,-3.795,-6.213,-1.182,1.822,-2.582,-2.248,-0.923,-0.531,-0.910,-5.667,4.346
0,-1.291,3.557,2.696,2.446,-3.477,-6.913,-1.434,2.537,-2.039,-1.380,-0.211,-0.632,-1.478,-6.017,4.088
0,-1.062,3.244,2.436,0.904,-2.390,-7.630,-0.198,1.457,-1.656,-1.004,-0.195,-0.435,-0.899,-6.741,4.059
0,-1.536,3.997,3.049,0.790,-4.244,-7.774,-0.265,3.327,-1.863,-2.222,-0.435,-0.352,-0.423,-6.340,3.818
0,-1.596,4.190,2.531,1.500,-3.835,-6.186,-1.383,2.143,-2.684,-2.556,-1.242,-0.061,-1.161,-5.529,3.465
0,-0.899,4.546,2.290,1.748,-3.853,-6.453,-1.232,2.230,-2.931,-2.271,-1.772,0.397,-1.087,-5.932,3.574
0,0.079,6.341,2.651,1.817,-3.688,-6.124,-2.095,0.325,-3.639,-2.091,-1.818,0.324,-0.667,-4.785,3.640
0,-0.618,5.551,1.223,2.918,-2.704,-5.698,-2.785,-0.299,-3.138,-3.593,-2.773,1.326,0.753,-4.446,3.679
0,-0.061,6.277,-0.447,2.154,-3.196,-5.161,-2.726,0.008,-2.115,-3.743,-3.322,1.612,0.493,-3.136,2.611
0,0.390,3.588,-2.300,-0.306,-2.187,-3.135,-0.356,1.474,-2.079,-3.780,-4.629,3.089,1.573,-1.143,2.339
0,0.998,1.834,-4.166,-0.240,-2.047,-2.292,0.469,2.755,-2.467,-3.745,-4.273,2.631,1.148,-1.429,2.130
0,1.599,1.862,-3.748,-0.685,-2.080,-2.419,-0.156,2.340,-2.446,-3.234,-3.936,2.965,1.579,-1.738,2.251
0,1.472,2.263,-3.090,0.808,-1.573,-3.371,-0.071,1.864,-1.716,-3.503,-3.576,2.652,1.362,-1.832,2.351
0,1.000,1.737,-3.861,0.564,-2.086,-1.732,-0.390,2.653,-1.893,-3.000,-3.946,2.425,1.535,-1.542,2.349
0,1.782,1.415,-3.780,0.187,-1.896,-2.212,0.052,2.616,-2.009,-2.720,-3.795,2.801,0.846,-1.509,2.504
0,2.045,1.634,-3.696,-0.171,-1.713,-2.311,0.254,2.584,-1.266,-2.877,-4.997,3.125,0.612,0.061,3.194
0,2.055,1.600,-5.257,-0.467,-2.444,-1.400,0.095,2.129,-0.677,-1.375,-6.412,4.189,-0.564,2.629,3.416
0,2.603,-0.127,-5.955,-0.701,-1.243,-1.140,-0.166,1.397,-0.927,-1.640,-6.854,4.421,-1.094,2.940,4.332
0,3.117,-3.753,-6.684,-0.534,2.639,-1.420,-0.540,1.343,-0.990,-1.732,-7.041,4.387,-1.507,2.962,3.999
0,3.082,-3.149,-6.131,-1.964,1.103,-1.468,-1.293,1.069,0.239,-0.799,-7.630,3.328,-1.621,5.804,4.501
0,2.642,-3.082,-4.816,-1.242,-0.256,-2.755,-3.818,-1.787,1.798,0.307,-4.772,2.939,1.847,4.195,-0.386
0,-0.437,-4.297,-2.409,0.030,2.726,-1.796,-3.551,-4.871,4.666,1.435,-2.304,4.193,1.044,3.837,-0.345
0,-0.140,-2.308,-1.457,0.376,0.284,-2.052,0.504,-0.100,0.405,1.338,-4.281,4.052,1.653,0.557,2.848
0,1.327,0.824,-1.782,2.780,0.657,-3.167,1.441,-1.305,-3.252,-2.127,0.317,-2.793,-0.686,-1.028,0.567
0,-1.053,-4.484,4.689,-0.260,1.830,1.766,0.940,-0.793,-6.617,0.509,1.312,-2.847,0.078,1.215,-0.253
0,-0.753,-6.356,4.283,-0.088,0.841,2.294,0.067,1.559,-5.056,0.732,-2.208,-0.569,-1.630,1.948,0.482
0,-2.587,-6.512,4.095,-2.248,1.202,2.785,-0.043,0.172,-4.461,-1.756,-1.487,0.035,-2.332,1.096,-1.239
0,-4.287,-3.954,3.599,-1.377,-2.397,2.658,2.057,2.812,-0.229,0.594,-2.297,-2.661,0.152,0.402,-2.406
0,-2.075,-1.780,2.944,0.408,-3.592,2.318,1.387,5.645,1.840,1.476,-4.407,-3.458,-0.878,1.376,1.098
0,-1.596,-0.297,1.488,3.184,-1.195,-3.515,1.154,3.181,-1.181,-0.444,-4.123,-1.268,-0.741,2.036,2.272
0,0.310,-4.072,-0.669,2.301,4.990,0.056,2.058,-4.188,-4.451,-1.600,0.425,0.922,-3.317,0.936,2.714
0,2.033,-4.652,-1.868,1.750,5.032,0.265,2.087,0.645,-1.896,-1.982,-4.288,-1.832,-2.147,2.895,1.991
0,0.797,-4.681,0.742,1.309,4.026,0.561,1.613,-2.144,-3.484,-2.780,-0.746,0.294,-1.820,1.667,1.632
0,1.776,-3.356,-1.933,0.732,2.351,-0.752,-1.694,0.099,-0.217,-0.252,-2.266,-0.708,-0.195,-1.849,-1.650
0,-1.278,-3.365,1.553,-0.501,-1.534,-2.379,-0.266,-2.006,-0.281,0.044,-1.054,-0.221,-0.322,0.650,3.950
0,-2.079,-2.601,5.293,-0.823,7.545,1.887,1.241,-3.567,-0.134,-0.733,4.654,2.259,-1.293,-6.295,6.055
0,-0.925,3.334,4.070,0.638,-0.315,-4.351,-0.234,1.819,-0.196,-1.902,0.942,2.011,-0.224,-5.490,4.251
0,-2.519,3.524,4.077,1.874,-2.471,-4.780,-0.864,3.136,-0.819,-1.984,0.406,1.133,-1.628,-5.724,4.532
0,-1.450,3.669,3.324,0.545,-2.615,-3.857,-1.411,2.715,-2.256,-3.015,-1.195,2.303,-1.264,-4.845,4.112
0,-0.547,5.656,2.456,1.216,-3.085,-4.284,-1.322,1.185,-2.171,-2.966,-1.228,1.294,-0.806,-4.895,3.981
0,-0.693,5.155,2.558,1.588,-3.493,-4.839,-1.268,2.035,-1.727,-2.316,-1.062,0.990,-1.899,-5.584,3.903
0,-0.838,4.588,3.311,1.924,-3.574,-5.390,-1.369,2.338,-1.751,-1.966,-0.639,1.001,-1.624,-6.061,3.876
0,-1.756,4.030,3.314,1.727,-3.349,-5.459,-1.452,2.325,-0.926,-2.254,0.421,0.128,-1.571,-6.169,3.550
0,-2.018,3.143,3.007,1.578,-1.877,-5.461,-1.078,1.024,-0.762,-1.802,0.605,-0.262,-2.033,-6.204,3.594
0,-1.633,2.416,3.168,2.584,-1.735,-5.138,-1.754,1.112,-1.392,-1.970,0.836,-0.020,-2.041,-6.575,3.377
0,-1.798,2.671,3.110,2.507,-2.214,-5.163,-2.317,1.334,-0.877,-1.985,0.855,-0.594,-2.326,-6.407,3.601
0,-1.545,2.754,3.085,2.185,-2.003,-5.415,-1.981,1.024,-1.080,-1.276,0.846,-0.394,-2.098,-6.170,3.497
0,-1.263,2.547,2.840,2.546,-0.398,-5.302,-1.824,-0.454,-1.247,-1.118,0.767,-0.591,-1.480,-5.969,3.148
0,-1.540,1.941,2.978,2.868,-0.805,-4.793,-1.912,0.151,-1.345,-2.080,1.069,-0.257,-2.091,-6.259,3.240
0,-1.612,2.306,2.880,1.727,-0.759,-5.428,-1.144,-0.109,-0.913,-1.930,0.938,-0.305,-1.689,-6.137,3.110
0,-1.731,2.591,2.916,1.847,-1.425,-5.156,-1.734,0.374,-1.391,-1.711,0.768,-0.235,-0.735,-6.217,3.086
0,-1.849,2.793,3.005,1.960,-1.759,-5.516,-1.579,0.831,-1.085,-1.958,0.526,-0.647,-1.229,-6.204,3.525
0,-1.466,2.815,2.828,1.684,-1.416,-5.544,-1.046,0.463,-1.060,-2.181,0.934,-0.351,-1.462,-6.281,3.062
0,-1.548,2.595,2.862,2.261,-1.460,-5.378,-1.586,0.680,-1.226,-2.470,0.425,0.074,-1.689,-6.129,2.965
0,-1.765,3.415,3.136,1.050,-4.039,-5.508,-1.241,2.657,-1.914,-0.107,2.798,1.492,-0.990,1.853,3.733
0,-0.508,2.194,2.546,0.162,2.456,-0.206,-1.041,1.876,-2.080,-0.037,2.137,1.131,-0.820,1.295,3.384
0,-0.486,1.697,1.910,0.304,1.869,-0.013,-0.834,1.373,-1.875,-0.062,1.636,0.626,-0.491,0.832,3.290
0,-0.299,1.234,1.848,0.454,1.413,0.115,-0.704,0.916,-1.938,-0.146,1.212,-0.194,-0.519,0.537,2.939
0,-0.523,0.859,1.617,-0.090,0.960,-0.652,-0.731,-2.197,5.619,0.672,-2.398,2.201,0.423,4.903,1.060
0,2.609,-3.002,-5.998,-1.856,1.737,-2.121,-2.379,-0.399,0.341,-0.156,-4.814,2.861,-0.779,4.679,2.149
0,1.669,-3.859,-5.867,-1.236,2.277,-1.946,-1.905,0.230,-0.163,-0.560,-5.431,2.875,-1.249,3.502,2.371
0,2.544,-2.404,-5.993,-1.074,1.492,-1.358,-1.661,0.613,-0.570,-2.076,-5.905,3.555,-1.452,2.316,2.255
0,1.839,0.230,-5.122,-1.346,-1.250,-0.633,-1.732,1.644,-1.727,-3.386,-3.995,2.523,0.114,-1.431,1.707
0,0.778,2.125,-1.668,-0.790,-1.507,-2.051,0.099,1.408,-2.983,-2.447,-2.447,2.049,-1.220,-3.858,3.822
0,1.739,4.204,1.824,1.922,-2.177,-3.572,-0.147,0.309,-2.634,-1.277,-1.118,0.745,-0.490,-5.623,5.462
0,0.395,2.696,3.613,1.932,-3.598,-4.215,1.017,2.396,0.155,-0.447,0.636,0.053,-0.635,-5.451,4.494
0,-0.120,0.181,3.508,1.579,0.270,-1.850,0.424,-1.405,1.159,0.599,0.986,-0.089,-1.432,-2.078,2.870
0,1.103,-1.928,2.335,0.802,1.035,2.786,0.938,-1.798,0.631,0.799,-0.429,1.135,0.953,-0.282,0.707
0,1.058,-0.162,0.194,0.500,-0.105,-0.047,1.018,-0.225,1.124,0.520,-0.242,-0.568,0.439,-0.244,0.187
0,0.364,-0.123,0.333,0.224,-0.215,0.328,0.629,-0.070,0.361,0.009,-0.056,-0.446,0.191,-0.321,0.473
0,-0.334,-0.377,1.238,3.384,0.332,-1.937,7.678,-1.726,-3.705,7.720,-2.009,-3.315,7.216,-1.836,-2.723